<application>
  <component name="IntentionManagerSettings">
    <ignoreAction name="CSS/Apply width and height of background image" />
    <ignoreAction name="CSS/Change color" />
    <ignoreAction name="CSS/Convert color to #-hex" />
    <ignoreAction name="CSS/Convert color to gray()" />
    <ignoreAction name="CSS/Convert color to hsl()" />
    <ignoreAction name="CSS/Convert color to hwb()" />
    <ignoreAction name="CSS/Convert color to lch()" />
    <ignoreAction name="CSS/Convert color to oklch()" />
    <ignoreAction name="CSS/Convert color to rgb()" />
    <ignoreAction name="CSS/Create selector" />
    <ignoreAction name="CSS/Expand shorthand property" />
    <ignoreAction name="CSS/Extract image" />
    <ignoreAction name="CSS/Extract inline CSS" />
    <ignoreAction name="CSS/Extract ruleset" />
    <ignoreAction name="CSS/Replace quotes" />
    <ignoreAction name="CSS/Replace var() with its fallback value" />
    <ignoreAction name="CSS/Replace with color name" />
    <ignoreAction name="Database/Run query in console" />
    <ignoreAction name="Docker/Pull Docker image" />
    <ignoreAction name="HTTP Client/Add GraphQL JSON variables block" />
    <ignoreAction name="HTTP Client/Convert to cURL and copy to clipboard" />
    <ignoreAction name="HTTP Client/Move HTTP Requests" />
    <ignoreAction name="HTTP Client/Put parameters on one line" />
    <ignoreAction name="HTTP Client/Put parameters on separate lines" />
    <ignoreAction name="HTTP Client/Set value for secured value" />
    <ignoreAction name="HTTP Client/Switch environment" />
    <ignoreAction name="JavaScript/Convert 'for-in' to 'forEach' call" />
    <ignoreAction name="JavaScript/Convert anonymous function to named function" />
    <ignoreAction name="JavaScript/Convert indexed 'for' to 'forEach' call" />
    <ignoreAction name="JavaScript/Convert parameters to object" />
    <ignoreAction name="JavaScript/Convert parameters to object and introduce interface" />
    <ignoreAction name="JavaScript/Convert to function expression" />
    <ignoreAction name="JavaScript/Edit values of object literal properties" />
    <ignoreAction name="JavaScript/Infer parameter types from usages" />
    <ignoreAction name="JavaScript/Install @types for the package" />
    <ignoreAction name="JavaScript/Introduce local variable" />
    <ignoreAction name="JavaScript/Join subsequent variable declarations" />
    <ignoreAction name="JavaScript/Remove quotes from property names" />
    <ignoreAction name="JavaScript/Replace with indexer access" />
    <ignoreAction name="JavaScript/Replace with property access" />
    <ignoreAction name="JavaScript/Split declarations" />
    <ignoreAction name="JavaScript/Wrap property names in quotes" />
    <ignoreAction name="JavaScript/ECMAScript 6/Add default export" />
    <ignoreAction name="JavaScript/ECMAScript 6/Add export" />
    <ignoreAction name="JavaScript/ECMAScript 6/Change ES6 import path" />
    <ignoreAction name="JavaScript/ECMAScript 6/Convert arrow function to anonymous function" />
    <ignoreAction name="JavaScript/ECMAScript 6/Convert function and its member declarations to class" />
    <ignoreAction name="JavaScript/ECMAScript 6/Convert template string to use visible line separators" />
    <ignoreAction name="JavaScript/ECMAScript 6/Convert to async function" />
    <ignoreAction name="JavaScript/ECMAScript 6/Convert to multi-line string template" />
    <ignoreAction name="JavaScript/ECMAScript 6/Create derived class / Implement interface" />
    <ignoreAction name="JavaScript/ECMAScript 6/Create getter" />
    <ignoreAction name="JavaScript/ECMAScript 6/Create getter and setter" />
    <ignoreAction name="JavaScript/ECMAScript 6/Create setter" />
    <ignoreAction name="JavaScript/ECMAScript 6/Declare explicit class fields" />
    <ignoreAction name="JavaScript/ECMAScript 6/Expand optional chaining or nullish coalescing to explicit checks" />
    <ignoreAction name="JavaScript/ECMAScript 6/Generate destructuring pattern" />
    <ignoreAction name="JavaScript/ECMAScript 6/Initialize new fields from parameters" />
    <ignoreAction name="JavaScript/ECMAScript 6/Insert template string argument" />
    <ignoreAction name="JavaScript/ECMAScript 6/Introduce object or array destructuring" />
    <ignoreAction name="JavaScript/ECMAScript 6/Iterate with 'for..of'" />
    <ignoreAction name="JavaScript/ECMAScript 6/Make 'public'" />
    <ignoreAction name="JavaScript/ECMAScript 6/Make private using '#'" />
    <ignoreAction name="JavaScript/ECMAScript 6/Move to a file with matching name" />
    <ignoreAction name="JavaScript/ECMAScript 6/Propagate to destructuring declaration" />
    <ignoreAction name="JavaScript/ECMAScript 6/Remove export" />
    <ignoreAction name="JavaScript/ECMAScript 6/Remove numeric separators" />
    <ignoreAction name="JavaScript/ECMAScript 6/Rename file to match type name" />
    <ignoreAction name="JavaScript/ECMAScript 6/Replace 'for..of' with indexed 'for' loop" />
    <ignoreAction name="JavaScript/ECMAScript 6/Replace 'forEach' with 'for..of' loop" />
    <ignoreAction name="JavaScript/ECMAScript 6/Replace 'forEach' with indexed 'for' loop" />
    <ignoreAction name="JavaScript/ECMAScript 6/Replace 'map' array call with 'for..of' loop" />
    <ignoreAction name="JavaScript/ECMAScript 6/Replace destructuring with property and index access" />
    <ignoreAction name="JavaScript/ECMAScript 6/Replace nested calls with pipeline expression" />
    <ignoreAction name="JavaScript/ECMAScript 6/Replace pipe expression with nested calls" />
    <ignoreAction name="JavaScript/ECMAScript 6/Replace with 'await Promise.all'" />
    <ignoreAction name="JavaScript/ECMAScript 6/Replace with array destructuring" />
    <ignoreAction name="JavaScript/ECMAScript 6/Replace with destructuring and short-hand properties" />
    <ignoreAction name="JavaScript/ECMAScript 6/Replace with object destructuring" />
    <ignoreAction name="JavaScript/ECMAScript 6/Separate digits" />
    <ignoreAction name="JavaScript/ECMAScript 6/Use optional chaining or nullish coalescing" />
    <ignoreAction name="JavaScript/Language Injection/Annotate injection with comment" />
    <ignoreAction name="JavaScript/Language Injection/Disable formatting for injected content" />
    <ignoreAction name="Language injection/Edit injected fragment" />
    <ignoreAction name="Language injection/Edit injection settings" />
    <ignoreAction name="Language injection/Inject language or reference" />
    <ignoreAction name="Language injection/Uninject language or reference" />
    <ignoreAction name="LightEdit mode/Open file in project..." />
    <ignoreAction name="Markdown/Configure image" />
    <ignoreAction name="Markdown/Hide problems in code fences" />
    <ignoreAction name="Markdown/Insert column" />
    <ignoreAction name="Markdown/Remove column" />
    <ignoreAction name="Markdown/Remove row" />
    <ignoreAction name="Markdown/Set column alignment" />
    <ignoreAction name="Microservices/Open in web browser" />
    <ignoreAction name="Objective-C/Add as a parameter to 'initWith...'" />
    <ignoreAction name="Objective-C/Convert to instance variable" />
    <ignoreAction name="Objective-C/Convert to property" />
    <ignoreAction name="Objective-C/Declare method in interface" />
    <ignoreAction name="Objective-C/Declare method in private category" />
    <ignoreAction name="Objective-C/Declare property as 'readwrite' in private category" />
    <ignoreAction name="Objective-C/Extract category of this class" />
    <ignoreAction name="Objective-C/Extract private category of this class" />
    <ignoreAction name="Objective-C/Extract protocol of this class" />
    <ignoreAction name="Objective-C/Extract superclass" />
    <ignoreAction name="Objective-C/Generate property" />
    <ignoreAction name="Objective-C/Implement accessor methods" />
    <ignoreAction name="Objective-C/Move instance variables to implementation" />
    <ignoreAction name="Objective-C/Move to interface" />
    <ignoreAction name="Objective-C/Move to private category" />
    <ignoreAction name="Objective-C/Replace 'id' return type with 'instancetype'" />
    <ignoreAction name="Objective-C/Switch '.' and method notation" />
    <ignoreAction name="Objective-C/Synthesize property" />
    <ignoreAction name="Objective-C/Wrap with &quot;if ([ respondsToSelector: ])&quot;" />
    <ignoreAction name="Objective-C/Wrap with 'stringWithFormat'" />
    <ignoreAction name="Other/Convert absolute path to relative" />
    <ignoreAction name="Other/Convert relative path to absolute" />
    <ignoreAction name="Other/Create new scratch file from selection" />
    <ignoreAction name="Other/Flip comma" />
    <ignoreAction name="Other/Put elements on multiple lines" />
    <ignoreAction name="Other/Put elements on one line" />
    <ignoreAction name="Python/Add type hint for variable" />
    <ignoreAction name="Python/Add type hints for function" />
    <ignoreAction name="Python/Convert 'from module import' to 'import module'" />
    <ignoreAction name="Python/Convert 'import module' to 'from module import'" />
    <ignoreAction name="Python/Convert absolute import to relative" />
    <ignoreAction name="Python/Convert collection to list" />
    <ignoreAction name="Python/Convert collection to set" />
    <ignoreAction name="Python/Convert collection to tuple" />
    <ignoreAction name="Python/Convert dict constructor to dict literal" />
    <ignoreAction name="Python/Convert dict literal to dict constructor" />
    <ignoreAction name="Python/Convert format operator to 'str.format' method call" />
    <ignoreAction name="Python/Convert lambda to function" />
    <ignoreAction name="Python/Convert list comprehensions to 'for' loop" />
    <ignoreAction name="Python/Convert method to property" />
    <ignoreAction name="Python/Convert relative import to absolute" />
    <ignoreAction name="Python/Convert single-quoted to double-quoted strings and vice versa" />
    <ignoreAction name="Python/Convert static method to function" />
    <ignoreAction name="Python/Convert to f-string literal" />
    <ignoreAction name="Python/Convert triple-quoted string to single-quoted string" />
    <ignoreAction name="Python/Convert type comment to variable annotation" />
    <ignoreAction name="Python/Convert variadic parameters to normal" />
    <ignoreAction name="Python/De Morgan's law" />
    <ignoreAction name="Python/Flip comparison" />
    <ignoreAction name="Python/Hide type annotations" />
    <ignoreAction name="Python/Insert docstring stub" />
    <ignoreAction name="Python/Insert type assertion" />
    <ignoreAction name="Python/Invert 'if' condition" />
    <ignoreAction name="Python/Join 'if' statements" />
    <ignoreAction name="Python/Negate comparison" />
    <ignoreAction name="Python/Replace string concatenation with 'str.format'" />
    <ignoreAction name="Python/Specify type for reference in docstring" />
    <ignoreAction name="Python/Specify type for reference using annotation" />
    <ignoreAction name="Python/Split 'if' statement" />
    <ignoreAction name="Python/Switch using import aliases" />
    <ignoreAction name="Python/Transform conditional expressions into 'if/else' statements" />
    <ignoreAction name="Python/Transform explicit iterations with 'yield' into 'yield from' expressions" />
    <ignoreAction name="React/Convert to class component" />
    <ignoreAction name="React/Convert to function component" />
    <ignoreAction name="RegExp/Check RegExp" />
    <ignoreAction name="Shell script/Explain shell" />
    <ignoreAction name="Shell script/Rename all occurrences" />
    <ignoreAction name="SQL/Add GROUP BY column to SELECT list" />
    <ignoreAction name="SQL/Convert to subquery" />
    <ignoreAction name="SQL/Expand column list" />
    <ignoreAction name="SQL/Extract subquery as CTE" />
    <ignoreAction name="SQL/Flip expression operands" />
    <ignoreAction name="SQL/Inject by Type" />
    <ignoreAction name="SQL/Inline CTE" />
    <ignoreAction name="SQL/Inline table alias" />
    <ignoreAction name="SQL/Introduce table alias" />
    <ignoreAction name="SQL/Merge INSERT statements" />
    <ignoreAction name="SQL/Preview delete" />
    <ignoreAction name="SQL/Preview update" />
    <ignoreAction name="SQL/Qualify identifier" />
    <ignoreAction name="SQL/Quote identifier" />
    <ignoreAction name="SQL/Remove column from INSERT statement" />
    <ignoreAction name="SQL/Replace BETWEEN expression with comparisons" />
    <ignoreAction name="SQL/Replace DISTINCT with GROUP BY" />
    <ignoreAction name="SQL/Replace GROUP BY with DISTINCT" />
    <ignoreAction name="SQL/Replace IN expression with equality checks" />
    <ignoreAction name="SQL/Replace NATURAL JOIN with ON clause" />
    <ignoreAction name="SQL/Replace NATURAL JOIN with USING clause" />
    <ignoreAction name="SQL/Replace ON with NATURAL JOIN" />
    <ignoreAction name="SQL/Replace ON with USING" />
    <ignoreAction name="SQL/Replace USING with NATURAL JOIN" />
    <ignoreAction name="SQL/Replace USING with ON" />
    <ignoreAction name="SQL/Replace column name with an ordinal number" />
    <ignoreAction name="SQL/Replace column number with a name" />
    <ignoreAction name="SQL/Replace comparison with BETWEEN expression" />
    <ignoreAction name="SQL/Replace equality checks with IN expression" />
    <ignoreAction name="SQL/Split INSERT statement" />
    <ignoreAction name="SQL/Split string literal" />
    <ignoreAction name="SQL/Store table relation" />
    <ignoreAction name="SQL/Unqualify identifier" />
    <ignoreAction name="SQL/Unquote identifier" />
    <ignoreAction name="TOML/Expand into separate table" />
    <ignoreAction name="TypeScript/Add enum values" />
    <ignoreAction name="TypeScript/Add string enum values" />
    <ignoreAction name="TypeScript/Convert field to parameter property" />
    <ignoreAction name="TypeScript/Convert import require to import from" />
    <ignoreAction name="TypeScript/Convert parameter property to field" />
    <ignoreAction name="TypeScript/Convert to parameter properties" />
    <ignoreAction name="TypeScript/Convert type alias to enum" />
    <ignoreAction name="TypeScript/Convert type alias to interface" />
    <ignoreAction name="TypeScript/Disable coloring of narrowed types" />
    <ignoreAction name="TypeScript/Generate reference path comment" />
    <ignoreAction name="TypeScript/Implement in derived classes" />
    <ignoreAction name="TypeScript/Make 'private'" />
    <ignoreAction name="TypeScript/Make 'protected'" />
    <ignoreAction name="XML/Add 'xsi:schemaLocation' attribute" />
    <ignoreAction name="XML/Choose color" />
    <ignoreAction name="XML/Collapse empty tag" />
    <ignoreAction name="XML/Convert CDATA to text" />
    <ignoreAction name="XML/Convert text to CDATA" />
    <ignoreAction name="XML/Fetch external resource" />
    <ignoreAction name="XML/Insert namespace prefix" />
    <ignoreAction name="XML/Manually set up external resource" />
    <ignoreAction name="XML/Rearrange tag attributes" />
    <ignoreAction name="XML/Remove attribute" />
    <ignoreAction name="XML/Remove tag (preserves children)" />
    <ignoreAction name="XML/Reset to default namespace" />
    <ignoreAction name="XML/Split current tag" />
  </component>
</application>